{
  "$schema": "https://schema.management.azure.com/schemas/0.1.2-preview/CreateUIDefinition.MultiVm.json#",
  "handler": "Microsoft.Azure.CreateUIDef",
  "version": "0.1.2-preview",
  "parameters": {
    "config": {
      "isWizard": true,
      "basics": {
        "description": "<h1 style='color:dodgerblue;padding:0;display: flex; align-items: center; border: thin solid;'><img style width=80 height=80 src=https://raw.githubusercontent.com/BrowserBox/BrowserBox/main/docs/icon.svg alt='BrowserBox Logo 2023'>Deploy BrowserBox on Azure</h1>\n\nQuickly set up a [BrowserBox](https://github.com/BrowserBox/BrowserBox) Remote Browser in just 3 steps. After setup, you'll receive an email with your BrowserBox Login Link. By providing your email, you accept [our terms](https://dosaygo.com/terms.txt), [privacy policy](https://dosaygo.com/privacy.txt), and LetsEncrypt's terms.\n\n**Next Steps Guide**\n\n1. Select or create a <code>Resource group</code> in an [*Azure Region*](https://azure.microsoft.com/en-us/explore/global-infrastructure/geographies/) near you - ***low ping matters!***\n2. Optionally modify the <code>Operating System</code> and <code>Machine Size</code>, and explore *Advanced Settings*.\n3. Finally, enter <code>Your Email</code> and click *Create* to initiate your BrowserBox system.\n\nAzure will set up your resources and send the BrowserBox Login Link within 10-15 minutes.\n\nFor help and support at any time <a href=mailto:support@dosaygo.com>email us.</a> To purchase a license visit [our website](https://dosaygo.com) or contact us at: <a href=mailto:licenses@dosaygo.com>licenses@dosaygo.com</a>, or on <a href=https://signal.me/#p/+15039173547>Signal</a> and we'll do our best to help!",
        "subscription": {
          "constraints": {
            "validations": [
              {
                "permission": "Microsoft.Compute/virtualmachines/action/start",
                "message": "Must have start permission for the virtual machine."
              },
              {
                "permission": "Microsoft.Compute/virtualmachines/write",
                "message": "Must have write permission for the virtual machine."
              },
              {
                "permission": "Microsoft.Compute/virtualMachines/extensions/write",
                "message": "Must have write permission for the extension."
              }
            ]
          },
          "resourceProviders": [
            "Microsoft.Compute",
            "Microsoft.OperationalInsights",
            "Microsoft.Insights",
            "Microsoft.Authorization",
            "Microsoft.Network"
          ]
        },
        "resourceGroup": {
          "constraints": {
            "validations": [
              {
                "permission": "Microsoft.Compute/virtualmachines/action/start",
                "message": "Must have start permission for the virtual machine."
              },
              {
                "permission": "Microsoft.Compute/virtualmachines/write",
                "message": "Must have write permission for the virtual machine."
              },
              {
                "permission": "Microsoft.Compute/virtualMachines/extensions/write",
                "message": "Must have write permission for the extension."
              }
            ]
          },
          "allowExisting": false
        },
        "location": {
          "label": "Pick your nearest Azure Region.<br><b>Ping is important!</b>",
          "toolTip": "The closer your location is to you, the lower your ping and round-trip time and the better your remote browsing with BrowserBox experience!",
          "constraints": {
            "validations": [
              {
                "permission": "Microsoft.Compute/virtualmachines/action/start",
                "message": "Must have start permission for the virtual machine."
              },
              {
                "permission": "Microsoft.Compute/virtualmachines/write",
                "message": "Must have write permission for the virtual machine."
              },
              {
                "permission": "Microsoft.Compute/virtualMachines/extensions/write",
                "message": "Must have write permission for the extension."
              }
            ]
          },
          "resourceTypes": [
            "Microsoft.Authorization/roleAssignments",
            "Microsoft.Compute/virtualMachines",
            "Microsoft.Compute/virtualMachines/extensions",
            "Microsoft.Insights/components",
            "Microsoft.Insights/actionGroups",
            "Microsoft.Insights/metricAlerts",
            "Microsoft.Network/networkSecurityGroups",
            "Microsoft.Network/virtualNetworks",
            "Microsoft.Network/publicIPAddresses",
            "Microsoft.Network/networkInterfaces",
            "Microsoft.OperationalInsights/workspaces"
          ],
          "visible": true
        }
      }
    },
    "resourceTypes": [
      "Microsoft.Authorization/roleAssignments",
      "Microsoft.Compute/virtualMachines",
      "Microsoft.Compute/virtualMachines/extensions",
      "Microsoft.Insights/components",
      "Microsoft.Insights/actionGroups",
      "Microsoft.Insights/metricAlerts",
      "Microsoft.Network/networkSecurityGroups",
      "Microsoft.Network/virtualNetworks",
      "Microsoft.Network/publicIPAddresses",
      "Microsoft.Network/networkInterfaces",
      "Microsoft.OperationalInsights/workspaces"
    ],
    "basics": [
      {
        "name": "licenseKey",
        "type": "Microsoft.Common.TextBox",
        "label": "License Key",
        "toolTip": "Enter your BrowserBox license key if you have one. Leave blank if not applicable.",
        "defaultValue": "",
        "constraints": {
          "required": false,
          "validations": [
            {
              "regex": ".*",
              "message": "Any valid license key string."
            }
          ]
        },
        "visible": true
      },
      {
        "name": "imageChoice",
        "type": "Microsoft.Common.DropDown",
        "label": "Operating System",
        "defaultValue": "Ubuntu 24.04 LTS (gen 2)",
        "toolTip": "Optionally choose a Linux OS. It's okay to be unsure. The default is a fine choice.",
        "constraints": {
          "required": false,
          "allowedValues": [
            {
              "label": "Debian 12 (gen 2)",
              "value": "Debian 12 (gen 2)"
            },
            {
              "label": "Ubuntu 24.04 LTS (gen 2)",
              "value": "Ubuntu 24.04 LTS (gen 2)"
            },
            {
              "label": "RedHat 9 LVM (gen 2)",
              "value": "RedHat 9 LVM (gen 2)"
            }
          ]
        },
        "visible": true
      },
      {
        "name": "virtualMachineSize",
        "type": "Microsoft.Compute.SizeSelector",
        "label": "Machine Size",
        "toolTip": "Small machines are fine for regular browsing.",
        "defaultValue": "Standard_D2s_v3",
        "recommendedSizes": [
          "Standard_D2s_v3"
        ],
        "osPlatform": "Linux",
        "constraints": {
          "numAvailabilityZonesRequired": 3,
          "zone": "3"
        },
        "options": {
          "hideDiskTypeFilter": false
        },
        "count": 1,
        "visible": true
      },
      {
        "name": "utcValue",
        "type": "Microsoft.Common.TextBox",
        "label": "Utc Value",
        "defaultValue": "[[utcNow()]",
        "toolTip": "A timestamp reflecting the current time when the deployment occurred.",
        "constraints": {
          "required": false,
          "validations": [
            {
              "regex": "^[a-z0-9A-Z]{1,50}$",
              "message": "Only alphanumeric characters are allowed, and the value must be 1-50 characters long."
            }
          ]
        },
        "visible": false
      },
      {
        "name": "_artifactsLocation",
        "type": "Microsoft.Common.TextBox",
        "label": "_artifacts Location",
        "defaultValue": "[[deployment().properties.templateLink.uri]",
        "toolTip": "The base URI where artifacts required by this template are located including a trailing '/'",
        "constraints": {
          "required": false,
          "validations": [
            {
              "regex": "^.{1,350}$",
              "message": "Any characters are allowed, and the value must be 1-350 characters long."
            }
          ]
        },
        "visible": false
      },
      {
        "name": "_artifactsLocationSasToken",
        "type": "Microsoft.Common.PasswordBox",
        "label": {
          "password": "_artifacts Location Sas Token",
          "confirmPassword": "Confirm password"
        },
        "toolTip": "The sasToken required to access _artifactsLocation. When the template is deployed using the accompanying scripts, a sasToken will be automatically generated. Use the defaultValue if the staging location is not secured.",
        "constraints": {
          "required": false
        },
        "visible": false
      },
      {
        "name": "adminUsername",
        "type": "Microsoft.Common.TextBox",
        "label": "Admin Username",
        "defaultValue": "cris",
        "toolTip": "Administrator username for the Virtual Machine.",
        "constraints": {
          "required": false,
          "validations": [
            {
              "regex": "^[a-zA-Z][a-z0-9A-Z]{1,35}$",
              "message": "Starts with a letter, then alphanumeric characters are allowed, and the value must be 1-35 characters long."
            },
            {
              "isValid": "[or(            or(  empty(basics('adminUsername')),   and(    not(startsWith(basics('adminUsername'), '[[')),     startsWith(basics('adminUsername'), '['), endsWith(basics('adminUsername'), ']'),     greater(indexOf(basics('adminUsername'), '('), -1), greater(indexOf(basics('adminUsername'), ')'), -1)    )  ),            and(              not(regex(basics('adminUsername'), '/[\\\\/\\\"\\\"\\[\\]:|<>+=;,$ ?*@]+/')),               not(endsWith(basics('adminUsername'), '.'))              ),            regex(basics('adminUsername'), '^[a-zA-Z0-9-]+$')            )]",
              "message": "User name cannot contain special characters \\/\\\"[]:|<>+=;,?*@ or end with '.', and must be between 1 and 15 characters."
            },
            {
              "isValid": "[or(            or(  empty(basics('adminUsername')),   and(    not(startsWith(basics('adminUsername'), '[[')),     startsWith(basics('adminUsername'), '['), endsWith(basics('adminUsername'), ']'),     greater(indexOf(basics('adminUsername'), '('), -1), greater(indexOf(basics('adminUsername'), ')'), -1)    )  ),            equals(              length(filter(                parse('[\"administrator\", \"admin\", \"user\", \"user1\", \"test\", \"user2\", \"test1\", \"user3\", \"admin1\", \"1\", \"123\", \"a\", \"actuser\", \"adm\", \"admin2\", \"aspnet\", \"backup\", \"console\", \"david\", \"guest\", \"john\", \"owner\", \"root\", \"server\", \"sql\", \"support\", \"support_388945a0\", \"sys\", \"test2\", \"test3\", \"user4\", \"user5\"]'),                (item) => equals(toLower(item), toLower(basics('adminUsername')))              )            ), 0)            )]",
              "message": "The specified username is not allowed. Please choose a different value."
            }
          ]
        },
        "visible": false
      },
      {
        "name": "dnsNameForPublicIP",
        "type": "Microsoft.Common.TextBox",
        "label": "Dns Name For Public IP",
        "toolTip": "The DNS name label for the Public IP. Must be globally unique. Leave blank to be assigned a unique value.",
        "defaultValue": "",
        "constraints": {
          "required": false,
          "validations": [
            {
              "regex": ".*",
              "message": "Starts with a letter, then alphanumeric or hyphen characters are allowed, and the value must be 1-35 characters long."
            }
          ]
        },
        "visible": false
      },
      {
        "name": "location",
        "type": "Microsoft.Common.TextBox",
        "label": "Location",
        "defaultValue": "[resourceGroup().location]",
        "toolTip": "Location for all resources.",
        "constraints": {
          "required": false,
          "validations": [
            {
              "regex": ".*",
              "message": "Anything"
            }
          ]
        },
        "visible": false
      },
      {
        "name": "token",
        "type": "Microsoft.Common.TextBox",
        "label": "Token",
        "toolTip": "A secret for the login link.",
        "constraints": {
          "required": false,
          "validations": [
            {
              "regex": ".*",
              "message": "Anything"
            }
          ]
        },
        "visible": false
      },
      {
        "name": "randomPassword",
        "type": "Microsoft.Common.TextBox",
        "label": "Random Password",
        "defaultValue": "[uniqueString(newGuid())]",
        "toolTip": "A random GUID value hashed to construct the token if token is not provided.",
        "constraints": {
          "required": true,
          "validations": [
            {
              "regex": ".*",
              "message": "Anything"
            }
          ]
        },
        "visible": false
      },
      {
        "name": "installDocViewer",
        "type": "Microsoft.Common.DropDown",
        "label": "Install Doc Viewer",
        "defaultValue": "false",
        "toolTip": "Install document viewer (makes install take longer).",
        "constraints": {
          "required": false,
          "allowedValues": [
            {
              "label": "true",
              "value": "true"
            },
            {
              "label": "false",
              "value": "false"
            }
          ]
        },
        "visible": false
      },
      {
        "name": "understanding",
        "type": "Microsoft.Common.DropDown",
        "label": "Understanding",
        "defaultValue": "true",
        "toolTip": "Acknowledgement of reading the guide and setting up DNS and firewall ports.",
        "constraints": {
          "required": false,
          "allowedValues": [
            {
              "label": "true",
              "value": "true"
            },
            {
              "label": "false",
              "value": "false"
            }
          ]
        },
        "visible": false
      },
      {
        "name": "randomGUID",
        "type": "Microsoft.Common.TextBox",
        "label": "Random GUID",
        "defaultValue": "[newGuid()]",
        "toolTip": "A random GUID value hashed to construct the token if token is not provided.",
        "constraints": {
          "required": false,
          "validations": [
            {
              "regex": ".*",
              "message": "Anything"
            }
          ]
        },
        "visible": false
      }
    ],
    "steps": [
      {
        "name": "advanced",
        "label": "Advanced (optional)",
        "elements": [
          {
            "name": "show",
            "type": "Microsoft.Common.CheckBox",
            "label": "Use Advanced Settings?",
            "toolTip": "Do you want to configure Advanced Settings? If so reveal them by clicking here.",
            "constraints": {
              "required": false
            }
          },
          {
            "name": "SSHAccess",
            "label": "SSH Access",
            "type": "Microsoft.Common.Section",
            "elements": [
              {
                "name": "adminPasswordOrKeyauthenticationType",
                "type": "Microsoft.Compute.CredentialsCombo",
                "label": {
                  "authenticationType": "Authentication Type",
                  "password": "Admin Password",
                  "sshPublicKey": "SSH Public Key Key"
                },
                "toolTip": {
                  "authenticationType": "Type of authentication to use on the Virtual Machine. SSH key is recommended.",
                  "password": "Enter a password to use on the Virtual Machine.",
                  "sshPublicKey": "SSH Key for the Virtual Machine."
                },
                "defaultValue": {
                  "password": "[concat('Bb1', uniqueString(newGuid()), '!')]",
                  "sshKeyName": "bb-ssh",
                  "generateNewSshKey": true,
                  "authenticationType": "password"
                },
                "constraints": {
                  "required": true
                },
                "options": {
                  "hideConfirmation": false,
                  "hidePassword": false
                },
                "osPlatform": "Linux",
                "visible": true
              }
            ],
            "visible": "[steps('advanced').show]"
          },
          {
            "name": "CustomDomain",
            "label": "Custom Domain",
            "type": "Microsoft.Common.Section",
            "elements": [
              {
                "name": "hostname",
                "type": "Microsoft.Common.TextBox",
                "label": "Custom Domain",
                "toolTip": "The fully-qualified custom domain name for your BrowserBox instance. Specify if you will add an A record for this custom domain with your DNS provider pointing to this VM's public IP address. Otherwise, leave blank to get a random cloudapp.azure.com hostname that sets up automatically.",
                "constraints": {
                  "required": false,
                  "validations": [
                    {
                      "regex": ".*",
                      "message": "Anything"
                    }
                  ]
                },
                "visible": true
              },
              {
                "name": "dnsAndPublicIP",
                "type": "Microsoft.Network.PublicIpAddressCombo",
                "label": {
                  "publicIpAddress": "Public IP Address",
                  "domainNameLabel": "DNS Prefix"
                },
                "toolTip": {
                  "publicIpAddress": "A new or existing Azure IP address",
                  "domainNameLabel": "Unique DNS Prefix (at .$REGION.cloudapps.azure.com) for the public IP address"
                },
                "defaultValue": {
                  "publicIpAddressName": "[concat('bb', uniqueString(basics('utcValue')), '-ip')]",
                  "domainNameLabel": "[toLower(concat('bb', uniqueString(basics('utcValue'))))]"
                },
                "options": {
                  "hideNone": false,
                  "hideExisting": false,
                  "hideDomainNameLabel": false
                }
              }
            ],
            "visible": "[steps('advanced').show]"
          }
        ]
      },
      {
        "name": "terms",
        "label": " Agree to Terms",
        "elements": [
          {
            "name": "legalAgreeNotice",
            "type": "Microsoft.Common.InfoBox",
            "visible": true,
            "options": {
              "icon": "Info",
              "text": "Provide your email to agree to our terms and receive your BrowserBox Login Link once your system is ready."
            }
          },
          {
            "name": "descriptionTextBlock",
            "type": "Microsoft.Common.TextBlock",
            "options": {
              "link": {
                "label": "Learn more",
                "uri": "https://github.com/BrowserBox/BrowserBox/blob/main/legal/self-hosted/"
              }
            }
          },
          {
            "name": "legalAgree",
            "label": " Agree to terms",
            "type": "Microsoft.Common.Section",
            "elements": [
              {
                "name": "userEmail",
                "type": "Microsoft.Common.TextBox",
                "label": "My Email",
                "toolTip": "Your email address where you will receive your Login Link. By providing this you agree to our terms, privacy policy and LetsEncrypt's terms",
                "constraints": {
                  "required": true,
                  "validations": [
                    {
                      "regex": ".*",
                      "message": "A valid email address"
                    }
                  ]
                },
                "visible": true
              }
            ],
            "visible": true
          }
        ]
      }
    ],
    "outputs": {
      "utcValue": "[basics('utcValue')]",
      "_artifactsLocation": "[basics('_artifactsLocation')]",
      "_artifactsLocationSasToken": "[basics('_artifactsLocationSasToken')]",
      "adminUsername": "[basics('adminUsername')]",
      "adminPasswordOrKey": "[if(equals(steps('advanced').SSHAccess.adminPasswordOrKeyauthenticationType.authenticationType, 'password'), steps('advanced').SSHAccess.adminPasswordOrKeyauthenticationType.password, steps('advanced').SSHAccess.adminPasswordOrKeyauthenticationType.sshPublicKey)]",
      "authenticationType": "[steps('advanced').SSHAccess.adminPasswordOrKeyauthenticationType.authenticationType]",
      "dnsNameForPublicIP": "[basics('dnsNameForPublicIP')]",
      "location": "[location()]",
      "userEmail": "[steps('terms').legalAgree.userEmail]",
      "hostname": "[steps('advanced').CustomDomain.hostname]",
      "token": "[basics('token')]",
      "imageChoice": "[basics('imageChoice')]",
      "virtualMachineSize": "[basics('virtualMachineSize')]",
      "installDocViewer": "[basics('installDocViewer')]",
      "understanding": "[basics('understanding')]",
      "randomPassword": "[basics('randomPassword')]",
      "randomGUID": "[basics('randomGUID')]",
      "dnsAndPublicIpResourceGroupName": "[steps('advanced').CustomDomain.dnsAndPublicIP.resourceGroup]",
      "dnsAndPublicIpNewOrExisting": "[steps('advanced').CustomDomain.dnsAndPublicIP.newOrExistingOrNone]",
      "licenseKey": "[basics('licenseKey')]"
    }
  }
}
